Year,Month,Day,Hour,Minute,Second,Sens1,Sens2,VarSens1,VarSens2,Temperature_C,Pressure_Pa,Altitude_m
2000,1,1,0,0,3,1.00000000,0.00000000,0.00000000,0.00000000,24.70000100,94698.00000000,580.88806000
2000,1,1,0,0,16,1.66666660,0.00000000,0.33333331,0.00000000,24.69375000,94695.00000000,581.59088000
2000,1,1,0,0,31,2.00000000,3.00000000,0.00000000,0.00000000,24.47500000,94696.00000000,581.23950000
2000,1,1,0,0,44,4.00000000,0.00000000,0.00000000,0.00000000,24.25000000,94695.00000000,580.35962000
2000,1,1,0,0,57,3.66666670,0.00000000,12.33333300,0.00000000,24.22500000,94685.00000000,581.23950000
2000,1,1,0,1,13,0.00000000,0.00000000,0.00000000,0.00000000,24.26874900,94697.00000000,581.67810000
2000,1,1,0,1,25,3.00000000,2.33333330,0.00000000,16.33333400,24.29999900,94698.00000000,581.15228000
2000,1,1,0,1,39,1.00000000,0.00000000,0.00000000,0.00000000,24.21250000,94699.00000000,581.41388000
2000,1,1,0,1,51,0.00000000,0.00000000,0.00000000,0.00000000,24.26874900,94704.00000000,580.53662000
