Year,Month,Day,Hour,Minute,Second,Sens1,Sens2,VarSens1,VarSens2,Temperature_C,Pressure_Pa,Altitude_m
2015,1,16,15,7,53,598.67,593.67,0,0,25,95026,552.26697
2015,1,16,15,23,39,678.67,639,0,0,26.69375,95014,553.40839
2015,1,16,15,38,6,679.33,630,0,0,27.93125,95014,553.84705
2015,1,16,15,52,44,680,640.33,0,0,28.625,95011,554.02142
2015,1,16,16,7,58,701,672,0,0,28.924999,95001,554.98584
2015,1,16,16,23,3,707,641.33,0,0,29.375,94987,556.21454
2015,1,16,16,37,54,718,691,0,0,29.68125,94982,556.7403
2015,1,16,16,52,57,714,687,0,0,29.94375,94980,556.47607
