Year,Month,Day,Hour,Minute,Second,Sens_556_nm,Sens_414_nm,Temperature_C,Pressure_Pa,Altitude_m
2015,1,30,17,12,13,604,543,29.15625,94872,566.1283
2015,1,30,17,27,3,603,542,29.53125,94849,567.62122
2015,1,30,17,42,15,600,541,29.674999,94827,569.90411
2015,1,30,18,1,9,596,527,31.7875,94832,569.63989
2015,1,30,18,13,15,591,523,31.512501,94814,571.22266
2015,1,30,18,27,23,588,522,31.168751,94806,571.66125
