Year,Month,Day,Hour,Minute,Second,Sens_556_nm,Sens_414_nm,Temperature_C,Pressure_Pa,Altitude_m
2015,1,16,15,7,53,579,595,25,95026,560
2015,1,16,15,23,8,511,632,26.59375,95018,560
2015,1,16,15,23,39,631,614,26.69375,95014,560
2015,1,16,15,38,6,635,630,27.93125,95014,560
2015,1,16,15,52,44,641,631,28.625,95011,560
2015,1,16,16,7,58,649,664.66,28.924999,950001,560
2015,1,16,16,23,3,665,670,29.375,94987,560
2015,1,16,16,37,54,659,686,29.68125,94982,560
2015,1,16,16,52,57,657,677,29.94375,94980,560
